nom,telephone,adresse,commune,wilaya
Hichem Bouzid,069260721,"Boulevard Didouche Mourad N°102, El Bouni",El Bouni,Annaba
Tarek Slimani,054173915,"Boulevard Ben M'hidi N°146, Hamma Bouziane",Hamma Bouziane,Constantine
Ishak Slimani,065233271,"Boulevard 1er Novembre N°52, Hydra",Hydra,Alger
Manel Bouzid,067582980,"Lotissement de la Paix N°3, Rouiba",Rouiba,Alger
Sarah Mebarki,055517453,"Boulevard des Martyrs N°68, Sidi Amar",Sidi Amar,Annaba
Mohamed Toumi,067294486,"Avenue des Martyrs N°55, Sidi Amar",Sidi Amar,Annaba
Fatima Haddad,055543358,"Rue 1er Novembre N°94, Ghazaouet",Ghazaouet,Tlemcen
Zaki Toumi,079387006,"Boulevard des Martyrs N°34, Arzew",Arzew,Oran
Ines Cherif,056248317,"Cité des Martyrs N°147, Ain Turk",Ain Turk,Oran
Walid Latreche,078283759,"Avenue des Martyrs N°119, El Hadjar",El Hadjar,Annaba
Nassim Ait,079856010,"Rue de la Paix N°42, Bougaa",Bougaa,Setif
Rania Haddad,078578803,"Cité de la Paix N°18, El Eulma",El Eulma,Setif
Lina Saidi,054188981,"Avenue 5 Juillet N°130, Es Senia",Es Senia,Oran
Tarek Meziani,067604564,"Rue de la Paix N°66, Ain Arnat",Ain Arnat,Setif
Manel Latreche,054304460,"Quartier Didouche Mourad N°4, Gdyel",Gdyel,Oran
Fatima Mebarki,065292438,"Boulevard Didouche Mourad N°6, El Harrach",El Harrach,Alger
Ishak Haddad,078906270,"Rue des Martyrs N°140, Sidi Amar",Sidi Amar,Annaba
Youcef Haddad,056215185,"Lotissement de la Paix N°137, Ain Oulmene",Ain Oulmene,Setif
Mohamed Kouri,069211148,"Lotissement 1er Novembre N°29, Ain Arnat",Ain Arnat,Setif
Islam Saidi,054253901,"Rue Didouche Mourad N°67, El Eulma",El Eulma,Setif
Hamza Latreche,055579351,"Quartier des Martyrs N°106, Beni Mered",Beni Mered,Blida
Khadija Benali,066294838,"Rue 1er Novembre N°37, El Affroun",El Affroun,Blida
Kenza Belkacem,078775580,"Avenue de la Paix N°142, Bougaa",Bougaa,Setif
Amina Belkacem,056931920,"Lotissement 1er Novembre N°124, Zeralda",Zeralda,Alger
Tarek Toumi,077171558,"Boulevard Ben M'hidi N°34, El Eulma",El Eulma,Setif
Kenza Mansouri,055637567,"Lotissement de la Paix N°136, Mansourah",Mansourah,Tlemcen
Sofiane Brahimi,079930828,"Avenue 5 Juillet N°107, Hamma Bouziane",Hamma Bouziane,Constantine
Amina Latreche,077589558,"Lotissement des Martyrs N°148, El Hadjar",El Hadjar,Annaba
Omar Brahimi,066499045,"Lotissement Didouche Mourad N°72, Hydra",Hydra,Alger
Sarah Mansouri,079499991,"Boulevard 5 Juillet N°140, Remchi",Remchi,Tlemcen
Fatima Cherif,067171393,"Quartier 1er Novembre N°73, El Harrach",El Harrach,Alger
Amina Zergui,078620918,"Avenue de la Paix N°146, Zighoud Youcef",Zighoud Youcef,Constantine
Islam Dahmani,078774002,"Quartier Didouche Mourad N°121, Ain Arnat",Ain Arnat,Setif
Fares Bouzid,079273705,"Cité Didouche Mourad N°82, Mansourah",Mansourah,Tlemcen
Khadija Mebarki,069206255,"Boulevard Ben M'hidi N°32, Berrahal",Berrahal,Annaba
Ines Slimani,056983728,"Cité 1er Novembre N°54, El Affroun",El Affroun,Blida
Bilel Mansouri,065699338,"Boulevard 5 Juillet N°62, Sidi Amar",Sidi Amar,Annaba
Nassim Mansouri,079955316,"Rue des Martyrs N°20, Zeralda",Zeralda,Alger
Tarek Saidi,069970239,"Quartier de la Paix N°137, Maghnia",Maghnia,Tlemcen
Amina Latreche,056763031,"Rue Emir Abdelkader N°96, El Affroun",El Affroun,Blida
Amina Saidi,066499957,"Lotissement Emir Abdelkader N°19, Arzew",Arzew,Oran
Mohamed Mebarki,069388890,"Rue des Martyrs N°74, Maghnia",Maghnia,Tlemcen
Karim Toumi,077628838,"Avenue Emir Abdelkader N°68, Hamma Bouziane",Hamma Bouziane,Constantine
Khadija Latreche,065122094,"Cité 5 Juillet N°141, Zighoud Youcef",Zighoud Youcef,Constantine
Walid Brahimi,078491329,"Lotissement des Martyrs N°8, Arzew",Arzew,Oran
Omar Benali,054428517,"Boulevard de la Paix N°29, Es Senia",Es Senia,Oran
Walid Belkacem,055860147,"Boulevard 1er Novembre N°138, Arzew",Arzew,Oran
Amina Cherif,055732036,"Cité des Martyrs N°20, Kouba",Kouba,Alger
Abderrahmane Slimani,065726743,"Rue 1er Novembre N°39, Mansourah",Mansourah,Tlemcen
Ishak Cherif,069494209,"Lotissement Didouche Mourad N°19, Boufarik",Boufarik,Blida
Kenza Hamidi,078531630,"Quartier Emir Abdelkader N°79, Beni Mered",Beni Mered,Blida
Riyad Belkacem,065582142,"Lotissement des Martyrs N°27, Boufarik",Boufarik,Blida
Hichem Mansouri,078963120,"Lotissement Didouche Mourad N°68, Remchi",Remchi,Tlemcen
Sofiane Slimani,054925323,"Boulevard Emir Abdelkader N°120, Khroub",Khroub,Constantine
Kenza Toumi,065760915,"Cité Didouche Mourad N°125, Boufarik",Boufarik,Blida
Bilel Toumi,056723830,"Lotissement 5 Juillet N°119, Maghnia",Maghnia,Tlemcen
Lina Toumi,056404303,"Rue 5 Juillet N°38, Ain Turk",Ain Turk,Oran
Amine Mansouri,077661054,"Quartier 5 Juillet N°21, Kouba",Kouba,Alger
Youcef Brahimi,056798952,"Lotissement 1er Novembre N°141, Ouled Yaich",Ouled Yaich,Blida
Khadija Belkacem,078315923,"Quartier Didouche Mourad N°78, Ain Smara",Ain Smara,Constantine
Sarah Kouri,054640965,"Cité Didouche Mourad N°30, Hamma Bouziane",Hamma Bouziane,Constantine
Sarah Belkacem,078932272,"Quartier 5 Juillet N°90, Mansourah",Mansourah,Tlemcen
Ayoub Latreche,065901352,"Avenue Didouche Mourad N°110, Bab Ezzouar",Bab Ezzouar,Alger
Walid Slimani,055747403,"Cité 5 Juillet N°43, Berrahal",Berrahal,Annaba
Meriem Ait,079285081,"Avenue 5 Juillet N°30, El Affroun",El Affroun,Blida
Sarah Slimani,078734213,"Rue de la Paix N°89, Maghnia",Maghnia,Tlemcen
Manel Saidi,078630228,"Quartier 1er Novembre N°144, Gdyel",Gdyel,Oran
Manel Dahmani,077117336,"Lotissement de la Paix N°82, Ain Turk",Ain Turk,Oran
Rania Toumi,055390694,"Rue 5 Juillet N°82, Es Senia",Es Senia,Oran
Bilel Cherif,069154473,"Avenue Didouche Mourad N°143, Meftah",Meftah,Blida
Meriem Saidi,079400660,"Quartier des Martyrs N°65, Maghnia",Maghnia,Tlemcen
Karim Mansouri,065667437,"Avenue Ben M'hidi N°90, Boufarik",Boufarik,Blida
Meriem Meziani,066430194,"Rue Emir Abdelkader N°70, Sidi Amar",Sidi Amar,Annaba
Abderrahmane Benali,069872590,"Rue Ben M'hidi N°5, Gdyel",Gdyel,Oran
Omar Mebarki,069963264,"Rue 1er Novembre N°144, Khroub",Khroub,Constantine
Fatima Saidi,078141127,"Cité 1er Novembre N°27, Arzew",Arzew,Oran
Riyad Toumi,078921387,"Quartier Ben M'hidi N°84, Ain Arnat",Ain Arnat,Setif
Ines Bouzid,066500123,"Cité Didouche Mourad N°93, Ain Smara",Ain Smara,Constantine
Ishak Mansouri,078269842,"Boulevard de la Paix N°20, Ain Turk",Ain Turk,Oran
Lina Belkacem,079350127,"Rue 5 Juillet N°98, Khroub",Khroub,Constantine
Ines Brahimi,077881229,"Cité Didouche Mourad N°91, Arzew",Arzew,Oran
Mohamed Zergui,079124121,"Rue des Martyrs N°101, Ain Arnat",Ain Arnat,Setif
Riyad Dahmani,056138315,"Avenue Didouche Mourad N°67, Gdyel",Gdyel,Oran
Omar Bouzid,079640961,"Rue Emir Abdelkader N°47, Bir El Djir",Bir El Djir,Oran
Sarah Mebarki,077915623,"Quartier des Martyrs N°46, El Harrach",El Harrach,Alger
Fatima Saidi,067480001,"Quartier de la Paix N°28, Ouled Yaich",Ouled Yaich,Blida
Sofiane Mansouri,054387498,"Cité Emir Abdelkader N°82, Ghazaouet",Ghazaouet,Tlemcen
Amine Saidi,078748505,"Avenue Didouche Mourad N°69, Rouiba",Rouiba,Alger
Tarek Meziani,065934703,"Rue de la Paix N°80, El Harrach",El Harrach,Alger
Sofiane Ait,056332539,"Rue Ben M'hidi N°125, Meftah",Meftah,Blida
Nassim Meziani,065358890,"Quartier des Martyrs N°45, El Bouni",El Bouni,Annaba
Hamza Meziani,067761449,"Boulevard Ben M'hidi N°17, Zeralda",Zeralda,Alger
Sofiane Kouri,078637501,"Rue des Martyrs N°1, Gdyel",Gdyel,Oran
Omar Toumi,055227828,"Avenue des Martyrs N°53, Ain Oulmene",Ain Oulmene,Setif
Fatima Slimani,067218568,"Cité des Martyrs N°22, Boufarik",Boufarik,Blida
Fares Cherif,079426551,"Cité Ben M'hidi N°141, Berrahal",Berrahal,Annaba
Sofiane Belkacem,066626458,"Rue Emir Abdelkader N°134, Bab Ezzouar",Bab Ezzouar,Alger
Ishak Belkacem,067112224,"Quartier 5 Juillet N°17, Ghazaouet",Ghazaouet,Tlemcen
Karim Brahimi,079243778,"Lotissement 5 Juillet N°145, El Eulma",El Eulma,Setif
Riyad Meziani,066180261,"Lotissement Emir Abdelkader N°145, Maghnia",Maghnia,Tlemcen
Rania Slimani,078150884,"Quartier Ben M'hidi N°135, El Harrach",El Harrach,Alger
Omar Cherif,078473467,"Avenue 5 Juillet N°17, Ain Turk",Ain Turk,Oran
Youcef Meziani,056958160,"Quartier de la Paix N°24, Bougaa",Bougaa,Setif
Amina Zergui,077349476,"Lotissement Didouche Mourad N°135, Mansourah",Mansourah,Tlemcen
Mohamed Meziani,056208765,"Rue 5 Juillet N°22, Es Senia",Es Senia,Oran
Hichem Dahmani,078790661,"Quartier Ben M'hidi N°19, Remchi",Remchi,Tlemcen
Fares Bouzid,055359364,"Lotissement Emir Abdelkader N°149, Remchi",Remchi,Tlemcen
Omar Kouri,055807661,"Quartier Emir Abdelkader N°102, El Bouni",El Bouni,Annaba
Bilel Mansouri,069754249,"Cité Didouche Mourad N°71, Khroub",Khroub,Constantine
Fatima Slimani,054788691,"Avenue des Martyrs N°130, Ain Smara",Ain Smara,Constantine
Ines Toumi,056209142,"Lotissement de la Paix N°124, El Hadjar",El Hadjar,Annaba
Islam Slimani,054391288,"Avenue Ben M'hidi N°50, Bir El Djir",Bir El Djir,Oran
Ines Zergui,056893204,"Lotissement Didouche Mourad N°150, Sidi Amar",Sidi Amar,Annaba
Sofiane Hamidi,055718775,"Rue des Martyrs N°148, El Affroun",El Affroun,Blida
Amine Meziani,054429410,"Avenue Emir Abdelkader N°65, Hydra",Hydra,Alger
Riyad Belkacem,056352583,"Boulevard 5 Juillet N°79, Mansourah",Mansourah,Tlemcen
Fatima Hamidi,077697386,"Quartier Didouche Mourad N°63, Ouled Yaich",Ouled Yaich,Blida
Fares Benali,079257115,"Boulevard de la Paix N°73, Ouled Yaich",Ouled Yaich,Blida
Abderrahmane Haddad,054964085,"Boulevard Emir Abdelkader N°100, Hamma Bouziane",Hamma Bouziane,Constantine
Hamza Slimani,079142391,"Boulevard des Martyrs N°103, Sidi Amar",Sidi Amar,Annaba
Sofiane Meziani,078855296,"Avenue des Martyrs N°3, Ain Turk",Ain Turk,Oran
Youcef Meziani,055972575,"Rue 1er Novembre N°28, Mansourah",Mansourah,Tlemcen
Amine Belkacem,067298648,"Boulevard 5 Juillet N°22, Boufarik",Boufarik,Blida
Zaki Mansouri,055921402,"Boulevard des Martyrs N°45, Ain Turk",Ain Turk,Oran
Ines Benali,056525092,"Lotissement 1er Novembre N°45, Sidi Amar",Sidi Amar,Annaba
Ishak Ait,067656256,"Lotissement 1er Novembre N°102, Zeralda",Zeralda,Alger
Ishak Belkacem,077936170,"Quartier Ben M'hidi N°55, Boufarik",Boufarik,Blida
Ayoub Toumi,056552257,"Avenue 1er Novembre N°41, Ain Smara",Ain Smara,Constantine
Amina Mansouri,054789190,"Rue 5 Juillet N°32, Ghazaouet",Ghazaouet,Tlemcen
Lina Mansouri,066925835,"Cité 5 Juillet N°95, Boufarik",Boufarik,Blida
Khadija Mansouri,065901746,"Lotissement de la Paix N°4, El Bouni",El Bouni,Annaba
Khadija Zergui,065416080,"Rue des Martyrs N°42, Gdyel",Gdyel,Oran
Manel Zergui,054747597,"Boulevard Emir Abdelkader N°19, Ain Turk",Ain Turk,Oran
Islam Hamidi,056391455,"Quartier des Martyrs N°133, Ain Oulmene",Ain Oulmene,Setif
Sarah Toumi,077602031,"Cité Emir Abdelkader N°96, Bougaa",Bougaa,Setif
Tarek Mansouri,054991673,"Boulevard Emir Abdelkader N°75, Ain Smara",Ain Smara,Constantine
Amina Saidi,065750848,"Cité Emir Abdelkader N°2, Remchi",Remchi,Tlemcen
Manel Dahmani,078687031,"Boulevard 5 Juillet N°12, Ain Turk",Ain Turk,Oran
Amina Benali,077490498,"Boulevard de la Paix N°130, El Hadjar",El Hadjar,Annaba
Hamza Ait,066363744,"Cité Didouche Mourad N°35, Beni Mered",Beni Mered,Blida
Zaki Ait,065917943,"Rue Emir Abdelkader N°3, Ouled Yaich",Ouled Yaich,Blida
Manel Latreche,056680278,"Cité 5 Juillet N°17, El Affroun",El Affroun,Blida
Khadija Hamidi,078662380,"Lotissement Emir Abdelkader N°30, Gdyel",Gdyel,Oran
Ayoub Zergui,069327303,"Rue 1er Novembre N°106, Mansourah",Mansourah,Tlemcen
Youcef Slimani,078224108,"Boulevard 5 Juillet N°143, Ouled Yaich",Ouled Yaich,Blida
Zaki Dahmani,079178698,"Avenue Emir Abdelkader N°47, Ain Oulmene",Ain Oulmene,Setif
Rania Ait,056717515,"Boulevard 1er Novembre N°55, Es Senia",Es Senia,Oran
Hamza Saidi,055578613,"Quartier 1er Novembre N°53, Remchi",Remchi,Tlemcen
Hamza Slimani,055879647,"Boulevard Ben M'hidi N°23, Zeralda",Zeralda,Alger
Ishak Zergui,077877459,"Boulevard des Martyrs N°93, Maghnia",Maghnia,Tlemcen
Hichem Mebarki,066732884,"Lotissement de la Paix N°130, Ghazaouet",Ghazaouet,Tlemcen
Khadija Zergui,055723495,"Quartier de la Paix N°14, Arzew",Arzew,Oran
Meriem Mebarki,079529920,"Cité 1er Novembre N°6, Ain Oulmene",Ain Oulmene,Setif
Amina Mebarki,055870948,"Boulevard de la Paix N°9, Boufarik",Boufarik,Blida
Manel Zergui,079327155,"Lotissement 1er Novembre N°41, Zighoud Youcef",Zighoud Youcef,Constantine
Omar Ait,054114197,"Boulevard Ben M'hidi N°116, Ain Turk",Ain Turk,Oran
Amine Brahimi,066598082,"Lotissement Didouche Mourad N°78, Ain Oulmene",Ain Oulmene,Setif
Kenza Kouri,065137037,"Rue Emir Abdelkader N°18, Khroub",Khroub,Constantine
Fatima Bouzid,066984517,"Avenue Didouche Mourad N°34, Ouled Yaich",Ouled Yaich,Blida
Fares Ait,069413776,"Cité Emir Abdelkader N°53, El Eulma",El Eulma,Setif
Yacine Hamidi,056471411,"Boulevard Ben M'hidi N°95, Kouba",Kouba,Alger
Amine Kouri,065961344,"Cité Didouche Mourad N°150, Bir El Djir",Bir El Djir,Oran
Amina Toumi,079234807,"Avenue 5 Juillet N°111, Meftah",Meftah,Blida
Khadija Mebarki,055455980,"Quartier des Martyrs N°120, Mansourah",Mansourah,Tlemcen
Mohamed Latreche,078340080,"Cité Ben M'hidi N°150, Gdyel",Gdyel,Oran
Hichem Meziani,066617449,"Cité 5 Juillet N°110, Hydra",Hydra,Alger
Ayoub Benali,067890573,"Lotissement des Martyrs N°62, Remchi",Remchi,Tlemcen
Karim Dahmani,054908183,"Avenue 1er Novembre N°42, Kouba",Kouba,Alger
Bilel Zergui,056523254,"Boulevard 1er Novembre N°133, Gdyel",Gdyel,Oran
Ayoub Meziani,067871063,"Rue 5 Juillet N°89, Remchi",Remchi,Tlemcen
Yacine Ait,056870284,"Lotissement Emir Abdelkader N°145, El Affroun",El Affroun,Blida
Tarek Cherif,077840719,"Rue Ben M'hidi N°54, Khroub",Khroub,Constantine
Fatima Meziani,065589261,"Boulevard Ben M'hidi N°102, Ouled Yaich",Ouled Yaich,Blida
Walid Hamidi,066416018,"Quartier 1er Novembre N°10, Ain Arnat",Ain Arnat,Setif
Walid Hamidi,077590774,"Quartier Emir Abdelkader N°59, Gdyel",Gdyel,Oran
Youcef Saidi,055800720,"Quartier Ben M'hidi N°134, El Affroun",El Affroun,Blida
Sofiane Latreche,066322264,"Rue 1er Novembre N°54, El Bouni",El Bouni,Annaba
Omar Hamidi,077696177,"Lotissement 1er Novembre N°142, Kouba",Kouba,Alger
Rania Bouzid,067399980,"Lotissement 5 Juillet N°72, Bougaa",Bougaa,Setif
Khadija Ait,054200057,"Boulevard Emir Abdelkader N°100, El Bouni",El Bouni,Annaba
Rania Toumi,066138822,"Cité Emir Abdelkader N°98, Hamma Bouziane",Hamma Bouziane,Constantine
Mohamed Ait,069985428,"Avenue 1er Novembre N°29, Zeralda",Zeralda,Alger
Nassim Brahimi,054505386,"Cité 5 Juillet N°111, Ain Turk",Ain Turk,Oran
Hamza Ait,077314654,"Quartier 5 Juillet N°3, El Eulma",El Eulma,Setif
Amina Kouri,077507658,"Rue 5 Juillet N°104, Bir El Djir",Bir El Djir,Oran
Sofiane Mansouri,077301701,"Rue de la Paix N°129, Hydra",Hydra,Alger
Riyad Zergui,067715028,"Quartier Didouche Mourad N°65, El Bouni",El Bouni,Annaba
Manel Kouri,077965783,"Rue Didouche Mourad N°81, Hamma Bouziane",Hamma Bouziane,Constantine
Amine Belkacem,054245441,"Avenue Emir Abdelkader N°65, El Affroun",El Affroun,Blida
Karim Dahmani,054302714,"Quartier Ben M'hidi N°113, Hydra",Hydra,Alger
Hamza Latreche,078915213,"Rue Emir Abdelkader N°76, Boufarik",Boufarik,Blida
Ines Belkacem,069250714,"Quartier de la Paix N°75, Bab Ezzouar",Bab Ezzouar,Alger
Nassim Benali,079106127,"Boulevard 5 Juillet N°15, Bougaa",Bougaa,Setif
Ayoub Benali,077601258,"Lotissement 1er Novembre N°98, Remchi",Remchi,Tlemcen
Khadija Kouri,055810201,"Avenue Emir Abdelkader N°91, El Bouni",El Bouni,Annaba
Nassim Cherif,054781744,"Boulevard Didouche Mourad N°33, Zeralda",Zeralda,Alger
Rania Mansouri,069164017,"Cité des Martyrs N°150, Mansourah",Mansourah,Tlemcen
Ishak Benali,065410282,"Quartier Ben M'hidi N°35, Bab Ezzouar",Bab Ezzouar,Alger
Youcef Slimani,079719619,"Cité 1er Novembre N°19, El Eulma",El Eulma,Setif
Walid Dahmani,077129082,"Quartier 5 Juillet N°94, El Hadjar",El Hadjar,Annaba
Mohamed Dahmani,079433938,"Avenue Didouche Mourad N°96, Ghazaouet",Ghazaouet,Tlemcen
Fatima Benali,056911150,"Cité Ben M'hidi N°143, Bab Ezzouar",Bab Ezzouar,Alger
Sofiane Saidi,054490502,"Rue 5 Juillet N°113, Boufarik",Boufarik,Blida
Abderrahmane Dahmani,066315253,"Avenue 5 Juillet N°44, Khroub",Khroub,Constantine
Riyad Hamidi,066459799,"Boulevard Emir Abdelkader N°30, El Hadjar",El Hadjar,Annaba
Ines Zergui,055590154,"Boulevard des Martyrs N°77, Remchi",Remchi,Tlemcen
Lina Latreche,054482657,"Cité 1er Novembre N°136, El Hadjar",El Hadjar,Annaba
Fares Slimani,066774170,"Quartier Emir Abdelkader N°24, Rouiba",Rouiba,Alger
Riyad Dahmani,055586189,"Quartier Emir Abdelkader N°119, Sidi Amar",Sidi Amar,Annaba
Sofiane Bouzid,055845579,"Boulevard 5 Juillet N°107, Bougaa",Bougaa,Setif
Zaki Mebarki,065524905,"Boulevard Didouche Mourad N°39, El Bouni",El Bouni,Annaba
Omar Kouri,065964934,"Quartier Ben M'hidi N°120, Berrahal",Berrahal,Annaba
Nassim Meziani,078118063,"Quartier Emir Abdelkader N°100, El Hadjar",El Hadjar,Annaba
Abderrahmane Slimani,055375918,"Avenue 5 Juillet N°19, Sidi Amar",Sidi Amar,Annaba
Ishak Zergui,055682288,"Cité Didouche Mourad N°132, Arzew",Arzew,Oran
Omar Hamidi,065604658,"Rue de la Paix N°132, El Affroun",El Affroun,Blida
Karim Haddad,054183095,"Lotissement de la Paix N°80, Beni Mered",Beni Mered,Blida
Riyad Toumi,055942132,"Cité 1er Novembre N°114, Bab Ezzouar",Bab Ezzouar,Alger
Meriem Zergui,065152323,"Boulevard des Martyrs N°56, Es Senia",Es Senia,Oran
Hamza Benali,055209620,"Quartier Emir Abdelkader N°139, Berrahal",Berrahal,Annaba
Walid Mebarki,077782065,"Cité Emir Abdelkader N°33, Ain Smara",Ain Smara,Constantine
Youcef Saidi,066645006,"Avenue 1er Novembre N°107, El Bouni",El Bouni,Annaba
Rania Haddad,078929911,"Quartier Ben M'hidi N°91, Kouba",Kouba,Alger
Amina Dahmani,065673928,"Quartier de la Paix N°139, Khroub",Khroub,Constantine
Islam Bouzid,069544343,"Avenue Emir Abdelkader N°118, Ain Turk",Ain Turk,Oran
Abderrahmane Cherif,056397476,"Cité 1er Novembre N°36, Rouiba",Rouiba,Alger
Ishak Latreche,055174105,"Rue des Martyrs N°30, Bab Ezzouar",Bab Ezzouar,Alger
Khadija Slimani,055967197,"Avenue Ben M'hidi N°67, El Harrach",El Harrach,Alger
Abderrahmane Mebarki,066530174,"Cité 1er Novembre N°14, Sidi Amar",Sidi Amar,Annaba
Bilel Cherif,054987025,"Quartier de la Paix N°17, Khroub",Khroub,Constantine
Rania Cherif,079288220,"Boulevard 1er Novembre N°122, El Eulma",El Eulma,Setif
Islam Dahmani,054537408,"Cité 1er Novembre N°64, Mansourah",Mansourah,Tlemcen
Hichem Ait,067538116,"Lotissement Didouche Mourad N°44, Gdyel",Gdyel,Oran
Mohamed Kouri,066659377,"Boulevard Emir Abdelkader N°147, Bir El Djir",Bir El Djir,Oran
Riyad Latreche,054527890,"Lotissement Emir Abdelkader N°32, Ouled Yaich",Ouled Yaich,Blida
Meriem Toumi,069110335,"Lotissement Didouche Mourad N°145, El Harrach",El Harrach,Alger
Hichem Latreche,056279779,"Quartier Didouche Mourad N°21, Arzew",Arzew,Oran
Kenza Benali,054710238,"Avenue Emir Abdelkader N°110, Maghnia",Maghnia,Tlemcen
Abderrahmane Meziani,078392302,"Avenue Ben M'hidi N°132, Remchi",Remchi,Tlemcen
Lina Slimani,077431165,"Boulevard 1er Novembre N°15, Gdyel",Gdyel,Oran
Kenza Meziani,054709292,"Lotissement 1er Novembre N°46, Remchi",Remchi,Tlemcen
Rania Bouzid,055107201,"Quartier 1er Novembre N°85, Arzew",Arzew,Oran
Amina Hamidi,054272128,"Quartier des Martyrs N°51, Sidi Amar",Sidi Amar,Annaba
Hamza Benali,077699015,"Boulevard Didouche Mourad N°29, Ain Turk",Ain Turk,Oran
Omar Toumi,054673938,"Boulevard 5 Juillet N°131, Ain Turk",Ain Turk,Oran
Amine Saidi,056951468,"Avenue des Martyrs N°114, El Affroun",El Affroun,Blida
Rania Ait,078836056,"Lotissement Didouche Mourad N°64, Khroub",Khroub,Constantine
Islam Zergui,055196089,"Boulevard de la Paix N°44, El Affroun",El Affroun,Blida
Sofiane Slimani,065828909,"Quartier des Martyrs N°71, Zighoud Youcef",Zighoud Youcef,Constantine
Ayoub Dahmani,077985029,"Lotissement Didouche Mourad N°74, El Affroun",El Affroun,Blida
Bilel Slimani,055768722,"Boulevard 5 Juillet N°62, Es Senia",Es Senia,Oran
Mohamed Cherif,055509451,"Quartier Ben M'hidi N°59, Mansourah",Mansourah,Tlemcen
Tarek Belkacem,078316312,"Cité Emir Abdelkader N°79, El Eulma",El Eulma,Setif
Mohamed Latreche,066904107,"Avenue Ben M'hidi N°47, Ghazaouet",Ghazaouet,Tlemcen
Meriem Ait,055233966,"Rue de la Paix N°4, Bab Ezzouar",Bab Ezzouar,Alger
Kenza Haddad,077128084,"Rue de la Paix N°51, Ghazaouet",Ghazaouet,Tlemcen
Zaki Latreche,055908519,"Cité Didouche Mourad N°82, El Harrach",El Harrach,Alger
Sofiane Brahimi,056644458,"Lotissement Emir Abdelkader N°141, Ain Arnat",Ain Arnat,Setif
Youcef Meziani,078147127,"Avenue Didouche Mourad N°21, Kouba",Kouba,Alger
Karim Saidi,056656067,"Boulevard Didouche Mourad N°13, Mansourah",Mansourah,Tlemcen
Kenza Slimani,054482306,"Rue 5 Juillet N°108, Bab Ezzouar",Bab Ezzouar,Alger
Ayoub Meziani,065339913,"Avenue 5 Juillet N°118, Zighoud Youcef",Zighoud Youcef,Constantine
Ines Haddad,056589540,"Avenue Emir Abdelkader N°123, Arzew",Arzew,Oran
Ishak Mebarki,079768234,"Boulevard des Martyrs N°90, Sidi Amar",Sidi Amar,Annaba
Mohamed Toumi,077688497,"Quartier 1er Novembre N°23, El Eulma",El Eulma,Setif
Nassim Mebarki,054522332,"Avenue 5 Juillet N°30, El Bouni",El Bouni,Annaba
Lina Hamidi,055168392,"Boulevard des Martyrs N°127, Meftah",Meftah,Blida
Riyad Bouzid,067385351,"Boulevard 5 Juillet N°52, Zeralda",Zeralda,Alger
Sarah Mansouri,065957940,"Cité des Martyrs N°38, Rouiba",Rouiba,Alger
Bilel Hamidi,077118710,"Boulevard des Martyrs N°106, El Hadjar",El Hadjar,Annaba
Youcef Zergui,056531376,"Cité de la Paix N°34, Remchi",Remchi,Tlemcen
Manel Brahimi,077595826,"Cité des Martyrs N°73, Berrahal",Berrahal,Annaba
Amine Bouzid,054267364,"Rue Didouche Mourad N°9, El Hadjar",El Hadjar,Annaba
Yacine Dahmani,055184965,"Avenue 1er Novembre N°133, Beni Mered",Beni Mered,Blida
Hichem Hamidi,056456573,"Quartier des Martyrs N°81, Rouiba",Rouiba,Alger
Kenza Saidi,077725772,"Quartier 5 Juillet N°47, Remchi",Remchi,Tlemcen
Zaki Mebarki,054870027,"Lotissement 1er Novembre N°90, Berrahal",Berrahal,Annaba
Fares Kouri,056576576,"Avenue Didouche Mourad N°19, Es Senia",Es Senia,Oran
Sarah Toumi,067694449,"Avenue Didouche Mourad N°48, Bir El Djir",Bir El Djir,Oran
Islam Brahimi,054559762,"Avenue 5 Juillet N°104, Arzew",Arzew,Oran
Tarek Dahmani,077182132,"Cité Emir Abdelkader N°40, Remchi",Remchi,Tlemcen
Nassim Benali,055411885,"Lotissement Ben M'hidi N°108, Zighoud Youcef",Zighoud Youcef,Constantine
Riyad Mebarki,077702758,"Avenue Didouche Mourad N°122, Es Senia",Es Senia,Oran
Yacine Toumi,069492189,"Cité 1er Novembre N°69, Bougaa",Bougaa,Setif
Hamza Zergui,069159787,"Avenue des Martyrs N°15, El Bouni",El Bouni,Annaba
Bilel Slimani,056379637,"Rue de la Paix N°17, El Hadjar",El Hadjar,Annaba
Tarek Kouri,069891516,"Rue Didouche Mourad N°130, Khroub",Khroub,Constantine
Tarek Slimani,066848778,"Boulevard 1er Novembre N°4, Maghnia",Maghnia,Tlemcen
Zaki Meziani,079484624,"Cité Didouche Mourad N°48, El Hadjar",El Hadjar,Annaba
Youcef Cherif,055817440,"Lotissement des Martyrs N°8, Rouiba",Rouiba,Alger
Ines Bouzid,054519770,"Rue 5 Juillet N°150, Ain Arnat",Ain Arnat,Setif
Sofiane Bouzid,054674704,"Quartier 5 Juillet N°135, Maghnia",Maghnia,Tlemcen
Walid Kouri,055465830,"Boulevard 1er Novembre N°60, Beni Mered",Beni Mered,Blida
Nassim Hamidi,078223294,"Avenue 5 Juillet N°139, El Bouni",El Bouni,Annaba
Sofiane Haddad,067249765,"Lotissement des Martyrs N°42, Gdyel",Gdyel,Oran
Walid Mansouri,077123140,"Lotissement 1er Novembre N°35, El Hadjar",El Hadjar,Annaba
Abderrahmane Zergui,078263771,"Boulevard 5 Juillet N°125, Gdyel",Gdyel,Oran
Ishak Latreche,055183264,"Avenue de la Paix N°124, Hydra",Hydra,Alger
Omar Bouzid,055899746,"Cité 1er Novembre N°134, Khroub",Khroub,Constantine
Sofiane Belkacem,055673618,"Rue Didouche Mourad N°109, Meftah",Meftah,Blida
Walid Mansouri,079865556,"Lotissement Didouche Mourad N°82, Hamma Bouziane",Hamma Bouziane,Constantine
Ishak Toumi,054803185,"Avenue Didouche Mourad N°119, El Affroun",El Affroun,Blida
Omar Saidi,056715864,"Boulevard de la Paix N°96, El Harrach",El Harrach,Alger
Sarah Brahimi,079941433,"Avenue de la Paix N°123, El Harrach",El Harrach,Alger
Zaki Ait,077719465,"Lotissement Ben M'hidi N°105, Ain Smara",Ain Smara,Constantine
Fatima Belkacem,056156523,"Rue Didouche Mourad N°104, El Affroun",El Affroun,Blida
Nassim Meziani,079301127,"Quartier Didouche Mourad N°33, Gdyel",Gdyel,Oran
Islam Mansouri,079610100,"Quartier Didouche Mourad N°128, Maghnia",Maghnia,Tlemcen
Mohamed Mebarki,079809291,"Avenue Ben M'hidi N°11, Ain Smara",Ain Smara,Constantine
Yacine Hamidi,079845101,"Boulevard Ben M'hidi N°73, Ain Oulmene",Ain Oulmene,Setif
Meriem Dahmani,055491369,"Avenue des Martyrs N°30, El Bouni",El Bouni,Annaba
Riyad Belkacem,078693030,"Lotissement Ben M'hidi N°53, Hamma Bouziane",Hamma Bouziane,Constantine
Zaki Benali,067827031,"Cité 1er Novembre N°53, Ain Oulmene",Ain Oulmene,Setif
Lina Brahimi,054116605,"Boulevard Ben M'hidi N°49, El Harrach",El Harrach,Alger
Fatima Haddad,067186828,"Avenue Emir Abdelkader N°56, Berrahal",Berrahal,Annaba
Amina Mansouri,055802943,"Lotissement de la Paix N°5, Berrahal",Berrahal,Annaba
Hamza Ait,066533366,"Cité 5 Juillet N°141, Berrahal",Berrahal,Annaba
Omar Dahmani,055760771,"Cité des Martyrs N°25, Remchi",Remchi,Tlemcen
Nassim Saidi,079465254,"Quartier 1er Novembre N°136, El Bouni",El Bouni,Annaba
Mohamed Zergui,067483684,"Boulevard des Martyrs N°125, Arzew",Arzew,Oran
Sarah Kouri,078680923,"Cité Didouche Mourad N°10, Meftah",Meftah,Blida
Rania Meziani,055548621,"Avenue Didouche Mourad N°37, Hamma Bouziane",Hamma Bouziane,Constantine
Amina Latreche,054196323,"Lotissement de la Paix N°36, Hydra",Hydra,Alger
Islam Toumi,078676856,"Quartier Didouche Mourad N°67, Zeralda",Zeralda,Alger
Ayoub Saidi,067961311,"Lotissement 5 Juillet N°142, Beni Mered",Beni Mered,Blida
Nassim Mansouri,078805513,"Boulevard 1er Novembre N°3, El Harrach",El Harrach,Alger
Fatima Benali,077236790,"Quartier des Martyrs N°26, Bougaa",Bougaa,Setif
Bilel Kouri,077102140,"Cité de la Paix N°103, Hamma Bouziane",Hamma Bouziane,Constantine
Zaki Bouzid,065227473,"Avenue 1er Novembre N°148, Meftah",Meftah,Blida
Omar Cherif,079318592,"Avenue de la Paix N°67, Bir El Djir",Bir El Djir,Oran
Lina Cherif,056227780,"Cité 5 Juillet N°103, Bab Ezzouar",Bab Ezzouar,Alger
Zaki Mansouri,078373490,"Boulevard 5 Juillet N°76, Ghazaouet",Ghazaouet,Tlemcen
Tarek Ait,078214664,"Lotissement Didouche Mourad N°51, Bir El Djir",Bir El Djir,Oran
Lina Mebarki,077519794,"Cité des Martyrs N°69, El Hadjar",El Hadjar,Annaba
Rania Bouzid,077863362,"Quartier de la Paix N°126, Bab Ezzouar",Bab Ezzouar,Alger
Mohamed Cherif,054447216,"Cité Didouche Mourad N°106, Berrahal",Berrahal,Annaba
Sarah Mebarki,079621201,"Cité Ben M'hidi N°114, Ain Oulmene",Ain Oulmene,Setif
Ishak Belkacem,054246312,"Lotissement 5 Juillet N°111, Ain Smara",Ain Smara,Constantine
Ayoub Zergui,054969351,"Boulevard Emir Abdelkader N°52, Berrahal",Berrahal,Annaba
Karim Toumi,055163345,"Rue Emir Abdelkader N°145, Hamma Bouziane",Hamma Bouziane,Constantine
Fatima Meziani,066184930,"Rue Emir Abdelkader N°60, Es Senia",Es Senia,Oran
Tarek Saidi,054837455,"Cité des Martyrs N°75, Es Senia",Es Senia,Oran
Mohamed Slimani,078129811,"Cité Didouche Mourad N°45, Bir El Djir",Bir El Djir,Oran
Islam Kouri,054354688,"Lotissement Emir Abdelkader N°2, Bab Ezzouar",Bab Ezzouar,Alger
Bilel Bouzid,054801314,"Lotissement de la Paix N°19, Sidi Amar",Sidi Amar,Annaba
Ishak Ait,079444167,"Lotissement 1er Novembre N°128, Arzew",Arzew,Oran
Yacine Zergui,067966508,"Lotissement Ben M'hidi N°148, Ain Arnat",Ain Arnat,Setif
Ines Benali,056748132,"Quartier de la Paix N°28, Ain Arnat",Ain Arnat,Setif
Fatima Slimani,065233855,"Quartier des Martyrs N°99, Hydra",Hydra,Alger
Ishak Latreche,069870159,"Rue des Martyrs N°29, Mansourah",Mansourah,Tlemcen
Walid Ait,054167954,"Cité de la Paix N°128, Ain Smara",Ain Smara,Constantine
Hamza Benali,056217656,"Boulevard de la Paix N°53, Maghnia",Maghnia,Tlemcen
Yacine Dahmani,079124725,"Rue de la Paix N°48, Ouled Yaich",Ouled Yaich,Blida
Rania Cherif,065354160,"Quartier 5 Juillet N°119, Khroub",Khroub,Constantine
Kenza Kouri,056544656,"Avenue 1er Novembre N°81, Gdyel",Gdyel,Oran
Riyad Haddad,079753189,"Boulevard 1er Novembre N°105, Ain Oulmene",Ain Oulmene,Setif
Sofiane Slimani,067179415,"Quartier des Martyrs N°67, Zighoud Youcef",Zighoud Youcef,Constantine
Fatima Mansouri,066173278,"Lotissement Didouche Mourad N°25, Es Senia",Es Senia,Oran
Mohamed Meziani,056143857,"Rue des Martyrs N°3, Arzew",Arzew,Oran
Hamza Kouri,065933280,"Avenue de la Paix N°105, Bougaa",Bougaa,Setif
Ines Mansouri,054152403,"Lotissement 1er Novembre N°134, Bir El Djir",Bir El Djir,Oran
Bilel Haddad,079389712,"Avenue de la Paix N°33, Hamma Bouziane",Hamma Bouziane,Constantine
Islam Slimani,069491388,"Cité des Martyrs N°45, Es Senia",Es Senia,Oran
Ines Kouri,079869517,"Boulevard 5 Juillet N°64, Remchi",Remchi,Tlemcen
Ishak Hamidi,078710019,"Boulevard de la Paix N°150, Zighoud Youcef",Zighoud Youcef,Constantine
Yacine Kouri,054113127,"Quartier de la Paix N°140, Boufarik",Boufarik,Blida
Kenza Belkacem,069703829,"Lotissement 5 Juillet N°36, Ain Oulmene",Ain Oulmene,Setif
Karim Belkacem,055223388,"Quartier 1er Novembre N°19, Ain Arnat",Ain Arnat,Setif
Ishak Haddad,077567493,"Lotissement des Martyrs N°132, El Affroun",El Affroun,Blida
Ishak Saidi,078952394,"Cité Emir Abdelkader N°84, Arzew",Arzew,Oran
Amine Ait,065925332,"Cité Emir Abdelkader N°14, Ghazaouet",Ghazaouet,Tlemcen
Zaki Mebarki,066921468,"Quartier 5 Juillet N°137, Ain Arnat",Ain Arnat,Setif
Meriem Kouri,055696081,"Cité Ben M'hidi N°104, Rouiba",Rouiba,Alger
Hamza Mebarki,067436479,"Lotissement 1er Novembre N°71, Berrahal",Berrahal,Annaba
Kenza Saidi,065259525,"Quartier 5 Juillet N°84, Rouiba",Rouiba,Alger
Karim Brahimi,055551788,"Quartier des Martyrs N°34, Khroub",Khroub,Constantine
Ayoub Zergui,065256922,"Lotissement 5 Juillet N°74, Berrahal",Berrahal,Annaba
Ishak Toumi,067551603,"Lotissement Ben M'hidi N°20, Beni Mered",Beni Mered,Blida
Meriem Toumi,077468302,"Boulevard Emir Abdelkader N°105, El Eulma",El Eulma,Setif
Omar Kouri,055639393,"Rue Emir Abdelkader N°148, Maghnia",Maghnia,Tlemcen
Ayoub Kouri,078592469,"Cité 5 Juillet N°133, Zighoud Youcef",Zighoud Youcef,Constantine
Tarek Dahmani,077285964,"Boulevard de la Paix N°76, Beni Mered",Beni Mered,Blida
Zaki Ait,077568220,"Avenue Ben M'hidi N°100, Beni Mered",Beni Mered,Blida
Sofiane Bouzid,069554582,"Avenue 5 Juillet N°66, Ain Arnat",Ain Arnat,Setif
Fares Mansouri,066427848,"Avenue Ben M'hidi N°28, Gdyel",Gdyel,Oran
Hichem Latreche,054454390,"Cité Emir Abdelkader N°63, Ain Arnat",Ain Arnat,Setif
Tarek Belkacem,077471097,"Avenue Emir Abdelkader N°35, Ghazaouet",Ghazaouet,Tlemcen
Fatima Zergui,079464810,"Lotissement Didouche Mourad N°49, Arzew",Arzew,Oran
Zaki Belkacem,054892858,"Rue 5 Juillet N°38, Ain Turk",Ain Turk,Oran
Nassim Dahmani,078266304,"Cité de la Paix N°141, Es Senia",Es Senia,Oran
Islam Belkacem,066123301,"Lotissement 1er Novembre N°130, Maghnia",Maghnia,Tlemcen
Ines Mansouri,077727895,"Boulevard Didouche Mourad N°1, El Eulma",El Eulma,Setif
Manel Benali,065773746,"Lotissement Emir Abdelkader N°131, Kouba",Kouba,Alger
Ines Mansouri,065947735,"Avenue Ben M'hidi N°120, El Bouni",El Bouni,Annaba
Abderrahmane Mansouri,065666965,"Boulevard de la Paix N°42, Maghnia",Maghnia,Tlemcen
Riyad Mebarki,055475694,"Avenue Emir Abdelkader N°132, Rouiba",Rouiba,Alger
Tarek Hamidi,077512582,"Cité 5 Juillet N°12, Ain Arnat",Ain Arnat,Setif
Ayoub Brahimi,079761167,"Quartier Ben M'hidi N°129, El Hadjar",El Hadjar,Annaba
Fatima Mebarki,065612365,"Boulevard Ben M'hidi N°8, Gdyel",Gdyel,Oran
Fares Bouzid,067204160,"Boulevard Emir Abdelkader N°33, Khroub",Khroub,Constantine
Kenza Saidi,054551645,"Quartier Ben M'hidi N°50, Zeralda",Zeralda,Alger
Ishak Mansouri,077872498,"Avenue Ben M'hidi N°79, Zighoud Youcef",Zighoud Youcef,Constantine
Sarah Kouri,055745061,"Rue Ben M'hidi N°144, Ouled Yaich",Ouled Yaich,Blida
Meriem Bouzid,056446585,"Cité 1er Novembre N°59, Khroub",Khroub,Constantine
Bilel Mebarki,054124655,"Avenue 5 Juillet N°86, Khroub",Khroub,Constantine
Riyad Saidi,077189142,"Lotissement Didouche Mourad N°87, Beni Mered",Beni Mered,Blida
Sofiane Hamidi,065201596,"Avenue Ben M'hidi N°66, Ghazaouet",Ghazaouet,Tlemcen
Omar Mansouri,079782361,"Avenue Didouche Mourad N°58, Hamma Bouziane",Hamma Bouziane,Constantine
Ishak Saidi,069874954,"Avenue 5 Juillet N°53, Maghnia",Maghnia,Tlemcen
Amine Mebarki,054276785,"Cité Emir Abdelkader N°135, El Affroun",El Affroun,Blida
Ishak Meziani,077714570,"Boulevard Emir Abdelkader N°103, Arzew",Arzew,Oran
Bilel Hamidi,066388853,"Cité des Martyrs N°113, Ghazaouet",Ghazaouet,Tlemcen
Manel Slimani,056877679,"Quartier Emir Abdelkader N°5, Ghazaouet",Ghazaouet,Tlemcen
Hamza Kouri,077431557,"Avenue 5 Juillet N°124, Zeralda",Zeralda,Alger
Nassim Hamidi,054476284,"Quartier Didouche Mourad N°111, Bougaa",Bougaa,Setif
Ines Cherif,079451427,"Lotissement 1er Novembre N°1, Ain Turk",Ain Turk,Oran
Lina Benali,055171427,"Lotissement de la Paix N°58, Beni Mered",Beni Mered,Blida
Kenza Dahmani,077102277,"Cité Didouche Mourad N°78, Zeralda",Zeralda,Alger
Amine Hamidi,056481938,"Quartier Ben M'hidi N°128, Hamma Bouziane",Hamma Bouziane,Constantine
Zaki Latreche,054781834,"Avenue Emir Abdelkader N°103, Remchi",Remchi,Tlemcen
Youcef Mansouri,065370390,"Boulevard Didouche Mourad N°144, Ain Smara",Ain Smara,Constantine
Tarek Brahimi,065572053,"Cité Didouche Mourad N°127, Zeralda",Zeralda,Alger
Omar Hamidi,055318506,"Boulevard Ben M'hidi N°56, El Harrach",El Harrach,Alger
Khadija Toumi,079685812,"Quartier des Martyrs N°42, Es Senia",Es Senia,Oran
Kenza Bouzid,069518820,"Quartier des Martyrs N°116, Ain Arnat",Ain Arnat,Setif
Karim Latreche,056654738,"Quartier Didouche Mourad N°132, Zeralda",Zeralda,Alger
Manel Brahimi,079544753,"Boulevard de la Paix N°120, Beni Mered",Beni Mered,Blida
Meriem Toumi,065399599,"Boulevard Didouche Mourad N°134, Gdyel",Gdyel,Oran
Riyad Toumi,055714921,"Avenue de la Paix N°45, Bir El Djir",Bir El Djir,Oran
Kenza Saidi,067728764,"Avenue des Martyrs N°124, Kouba",Kouba,Alger
Nassim Cherif,066233891,"Rue 5 Juillet N°63, El Hadjar",El Hadjar,Annaba
Amina Toumi,055372786,"Quartier des Martyrs N°148, Zighoud Youcef",Zighoud Youcef,Constantine
Karim Latreche,078613020,"Lotissement Didouche Mourad N°84, El Hadjar",El Hadjar,Annaba
Amine Haddad,055796213,"Boulevard des Martyrs N°26, Ain Turk",Ain Turk,Oran
Abderrahmane Mebarki,056414701,"Quartier Emir Abdelkader N°84, Maghnia",Maghnia,Tlemcen
Mohamed Ait,079678464,"Boulevard des Martyrs N°51, El Hadjar",El Hadjar,Annaba
Amina Latreche,067256532,"Avenue 5 Juillet N°10, Berrahal",Berrahal,Annaba
Sarah Zergui,056351899,"Lotissement Ben M'hidi N°30, Hamma Bouziane",Hamma Bouziane,Constantine
Lina Brahimi,069164864,"Cité 5 Juillet N°17, Ghazaouet",Ghazaouet,Tlemcen
Rania Zergui,067593119,"Avenue 5 Juillet N°150, Bab Ezzouar",Bab Ezzouar,Alger
Meriem Meziani,078418131,"Quartier des Martyrs N°84, El Affroun",El Affroun,Blida
Kenza Mebarki,054489559,"Avenue 5 Juillet N°141, Bir El Djir",Bir El Djir,Oran
Karim Meziani,067231684,"Quartier Ben M'hidi N°14, Sidi Amar",Sidi Amar,Annaba
Ishak Kouri,055165335,"Avenue 1er Novembre N°16, Zeralda",Zeralda,Alger
Fares Dahmani,079180591,"Rue des Martyrs N°2, Ouled Yaich",Ouled Yaich,Blida
Amina Latreche,067256921,"Quartier Didouche Mourad N°127, Maghnia",Maghnia,Tlemcen
Hichem Mansouri,067303733,"Cité de la Paix N°62, Berrahal",Berrahal,Annaba
Sarah Kouri,077942140,"Cité Emir Abdelkader N°107, Gdyel",Gdyel,Oran
Amina Mebarki,067498146,"Lotissement 5 Juillet N°80, Zeralda",Zeralda,Alger
Fatima Benali,054521241,"Rue Emir Abdelkader N°111, Gdyel",Gdyel,Oran
Fares Latreche,067187133,"Rue Emir Abdelkader N°66, Ain Turk",Ain Turk,Oran
Tarek Mansouri,066546506,"Lotissement de la Paix N°100, Ouled Yaich",Ouled Yaich,Blida
Abderrahmane Ait,065768953,"Cité Ben M'hidi N°131, Bab Ezzouar",Bab Ezzouar,Alger
Sarah Mansouri,056704347,"Rue des Martyrs N°134, Ain Oulmene",Ain Oulmene,Setif
Sarah Benali,055880840,"Rue 5 Juillet N°130, Ain Oulmene",Ain Oulmene,Setif
Manel Mebarki,055981215,"Quartier 5 Juillet N°18, Ghazaouet",Ghazaouet,Tlemcen
Zaki Hamidi,065537226,"Lotissement des Martyrs N°148, Berrahal",Berrahal,Annaba
Meriem Slimani,077462347,"Boulevard 1er Novembre N°102, El Affroun",El Affroun,Blida
Yacine Benali,077406381,"Rue Didouche Mourad N°61, Meftah",Meftah,Blida
Lina Hamidi,069364412,"Cité 1er Novembre N°50, Boufarik",Boufarik,Blida
Manel Benali,054887986,"Boulevard Didouche Mourad N°66, Bab Ezzouar",Bab Ezzouar,Alger
Sofiane Cherif,078664462,"Cité de la Paix N°83, Gdyel",Gdyel,Oran
Nassim Latreche,077861085,"Quartier 5 Juillet N°139, Hamma Bouziane",Hamma Bouziane,Constantine
Meriem Haddad,066441086,"Quartier Didouche Mourad N°100, Bir El Djir",Bir El Djir,Oran
Rania Zergui,056501259,"Boulevard 1er Novembre N°29, Zeralda",Zeralda,Alger
Khadija Toumi,054865927,"Rue des Martyrs N°150, Khroub",Khroub,Constantine
Kenza Hamidi,056280309,"Cité Ben M'hidi N°40, Bir El Djir",Bir El Djir,Oran
Kenza Mansouri,054152447,"Boulevard 5 Juillet N°128, Ain Smara",Ain Smara,Constantine
Sarah Dahmani,066875629,"Quartier des Martyrs N°105, Gdyel",Gdyel,Oran
Fatima Ait,067300307,"Avenue Ben M'hidi N°68, Ain Arnat",Ain Arnat,Setif
Ishak Ait,079248678,"Boulevard Emir Abdelkader N°136, Bab Ezzouar",Bab Ezzouar,Alger
Sofiane Ait,054640759,"Quartier 5 Juillet N°95, Kouba",Kouba,Alger
Hamza Brahimi,077166217,"Lotissement Didouche Mourad N°51, El Affroun",El Affroun,Blida
Ishak Zergui,079899588,"Lotissement Didouche Mourad N°133, Arzew",Arzew,Oran
Yacine Saidi,069674273,"Lotissement de la Paix N°8, Mansourah",Mansourah,Tlemcen
Fares Kouri,056801877,"Lotissement Didouche Mourad N°25, Maghnia",Maghnia,Tlemcen
Yacine Belkacem,067254908,"Lotissement Didouche Mourad N°52, Bougaa",Bougaa,Setif
Fares Zergui,066849879,"Lotissement Emir Abdelkader N°20, Es Senia",Es Senia,Oran
Meriem Slimani,056304590,"Boulevard Ben M'hidi N°68, El Eulma",El Eulma,Setif
Yacine Mansouri,054997051,"Avenue Didouche Mourad N°26, Mansourah",Mansourah,Tlemcen
Fatima Bouzid,056651197,"Boulevard de la Paix N°84, Berrahal",Berrahal,Annaba
Walid Brahimi,055628889,"Avenue Didouche Mourad N°76, Ain Smara",Ain Smara,Constantine
Sofiane Cherif,056162167,"Avenue de la Paix N°136, Bab Ezzouar",Bab Ezzouar,Alger
Meriem Hamidi,055464290,"Lotissement 1er Novembre N°64, Zighoud Youcef",Zighoud Youcef,Constantine
Ishak Hamidi,077253399,"Avenue 1er Novembre N°36, Ain Turk",Ain Turk,Oran
Manel Hamidi,079995638,"Avenue 1er Novembre N°89, Hydra",Hydra,Alger
Ayoub Meziani,054587416,"Quartier 1er Novembre N°98, Zighoud Youcef",Zighoud Youcef,Constantine
Lina Saidi,077387597,"Quartier des Martyrs N°5, Ghazaouet",Ghazaouet,Tlemcen
Fatima Latreche,055666027,"Quartier des Martyrs N°142, Bougaa",Bougaa,Setif
Mohamed Benali,067659815,"Avenue 1er Novembre N°27, El Harrach",El Harrach,Alger
Ishak Zergui,078794582,"Quartier Didouche Mourad N°80, Beni Mered",Beni Mered,Blida
Kenza Benali,055480274,"Avenue Ben M'hidi N°136, Hamma Bouziane",Hamma Bouziane,Constantine
Ishak Mansouri,077285632,"Avenue Ben M'hidi N°35, Gdyel",Gdyel,Oran
Khadija Mebarki,067816974,"Lotissement des Martyrs N°39, Beni Mered",Beni Mered,Blida
Meriem Zergui,054559576,"Boulevard de la Paix N°126, El Eulma",El Eulma,Setif
Fares Dahmani,067118449,"Cité des Martyrs N°108, Zeralda",Zeralda,Alger
Hichem Cherif,079230431,"Quartier de la Paix N°113, El Hadjar",El Hadjar,Annaba
Karim Slimani,077812804,"Avenue Ben M'hidi N°113, Khroub",Khroub,Constantine
Kenza Kouri,078137442,"Cité 1er Novembre N°38, Kouba",Kouba,Alger
Kenza Cherif,066400259,"Rue des Martyrs N°116, Remchi",Remchi,Tlemcen
